,xCoord,yCoord,Iodine Fraction,Bromine Fraction,Chlorine Fraction,total,valid within 1e-6
0,0.38571443921634146,0.3958901996762729,0.38571824743102767,0.15714712586371057,0.4571346267052617,1.0,True
1,0.2600591826553374,0.24412420588730868,0.5989956413599213,0.11911400667059611,0.28189035196948253,1.0,True
2,0.171435164341212,0.20472924126864792,0.7103643531013463,0.05323468178377028,0.23640096511488345,1.0,True
3,0.3307118471780665,0.3085117232590943,0.49116882635014003,0.15259252070627302,0.3562386529435869,1.0,True
4,0.4086928158684866,0.6141868423674561,0.23670624535793636,0.05409187709490954,0.709201877547154,1.0,True
5,0.4172030123105947,0.5036502463608897,0.2920143823755243,0.12642040699671367,0.581565210627762,1.0,True
