,xCoord,yCoord,Iodine Fraction,Bromine Fraction,Chlorine Fraction,total,valid within 1e-6
0,0.13859845412622207,0.07088314660793865,0.8204771420986768,0.09767405035112096,0.0818488075502022,1.0,True
1,0.40157480327690714,0.25046723921397424,0.45381786873972246,0.25696747529353675,0.28921465596674073,1.0,True
2,0.5044162934379444,0.7177694713662546,0.08117930905265315,0.09001189592854188,0.828808795018805,1.0,True
3,0.30630802265767265,0.11847465023156889,0.6252906061389844,0.23790665145432957,0.13680274240668608,1.0,True
4,0.5561234592912373,0.5535566624188855,0.12428045264950836,0.23652737123198297,0.6391921761185086,1.0,True
5,0.48388053572023526,0.3936835071988147,0.2888261854230131,0.2565872568634836,0.4545865577135033,1.0,True
