,xCoord,yCoord,Iodine Fraction,Bromine Fraction,Chlorine Fraction,total,valid within 1e-6
0,0.4993543359597608,0.4250389843601181,0.25524929200383983,0.2539579639233615,0.49079274407279866,1.0,True
1,0.5823989205682554,0.5754797363715959,0.08534769872442886,0.2501455398609396,0.6645067614146316,1.0,True
2,0.15734462707874636,0.08477475966418402,0.7937106426086512,0.10839989676614387,0.09788946062520493,1.0,True
3,0.32275377176008224,0.14921189117904513,0.5910987027014029,0.2366062462215674,0.17229505107702975,1.0,True
4,0.419560582272871,0.27592653432600966,0.4211331588574468,0.2602543234031888,0.31861251773936444,1.0,True
5,0.5177991052377348,0.7228222631820246,0.06487926653786881,0.10047747701333833,0.8346432564487929,1.0,True
