,xCoord,yCoord,Iodine Fraction,Bromine Fraction,Chlorine Fraction,total,valid within 1e-6
0,0.17573372473543133,0.1411916317775413,0.7427492486504826,0.09421669812134544,0.16303405322817194,1.0,True
1,0.5473073527835736,0.4931547126731193,0.16796964110246845,0.2625843466696156,0.5694460122279159,1.0,True
2,0.49677152593924156,0.3446521535956556,0.30424346040552247,0.29778651228400554,0.39797002731047204,1.0,True
3,0.3252036652227441,0.06380672945707361,0.6379575023491049,0.28836483279459296,0.07367766485630217,1.0,True
4,0.4690989663881841,0.6456692973575645,0.1581236909749495,0.09632162375131768,0.7455546852737328,1.0,True
5,0.448239575913838,0.16310559724352336,0.45759136361127906,0.3540705154389551,0.18833812094976582,1.0,True
